post_title,post_name,post_parent,ID,post_content,post_excerpt,post_status,post_password,menu_order,post_date,post_author,comment_status,sku,parent_sku,children,downloadable,virtual,stock,regular_price,sale_price,weight,length,width,height,tax_class,visibility,stock_status,backorders,sold_individually,low_stock_amount,manage_stock,tax_status,upsell_ids,crosssell_ids,purchase_note,sale_price_dates_from,sale_price_dates_to,download_limit,download_expiry,product_url,button_text,images,downloadable_files,product_page_url,meta:total_sales,tax:product_type,tax:product_visibility,tax:product_cat,tax:product_tag,tax:product_shipping_class
"Telegram AI Chatbot Pro",telegram-ai-chatbot-pro,,21,"<h2>Telegram AI Chatbot Pro</h2>
<p style=""text-align: center;"">Introducing the Telegram AI Chatbot Pro</p>
&nbsp;
<p style=""text-align: center;""><iframe title=""YouTube video player"" src=""https://www.youtube.com/embed/hioxGotyZ8o?si=yIfbmtfX5yRHYViV"" width=""560"" height=""315"" frameborder=""0"" allowfullscreen=""allowfullscreen""></iframe></p>
&nbsp;

Are you looking to enhance your customer support, streamline marketing efforts, and boost response times? Look no further! The Telegram AI Chatbot Pro is here to revolutionize the way you engage with your customers. With its powerful features and intuitive interface, it's your go-to solution for providing exceptional customer service and optimizing your business operations
<h2>Revolutionize Customer Support:</h2>
1️⃣ Our Telegram AI ChatBot Pro is your 24/7 virtual assistant, ready to answer questions and provide tailored responses based on user intents. It employs cutting-edge Natural Language Processing (NLP) technology to understand and engage with your customers seamlessly.

2️⃣ Engage both your existing contacts and potential customers in real time, effortlessly bridging the gap between you and your audience.

3️⃣ Elevate your customer support game by offering a more personalized and friendly experience, ensuring your customers feel valued and heard.

4️⃣ Say goodbye to delayed responses! Our chatbot ensures lightning-fast replies, resulting in an enhanced customer experience that keeps your clients coming back for more.

5️⃣ Seamlessly integrate automated chat into your marketing strategy, making it easier than ever to promote your products and services effectively.

6️⃣ No language barriers here! Our chatbot supports multiple languages, including English, العربية, Italiano, Español, and many more, ensuring a global reach for your business.
<h2>License Key Generator:</h2>
Our License Key Generator app is the ideal tool for efficient authorization management. Quickly generate unlimited license key authorizations with ease. What's more, your customers can also utilize this tool to sell to anyone without limitations.
<h2>Amazing Features:</h2>
✅ Easy installation with a Windows installer – user-friendly and hassle-free.
✅ Account login support, including Telegram login via API, with the ability to save login session files.
✅ Multiple account support, allowing you to save and switch between accounts for automated responses.
✅ Integration with OPENAI, empowering you to set your own prompts for seamless communication.
✅ AI-powered customer service with 24/7 auto-reply capabilities, saving you time and resources.
✅ Customizable OPENAI prompts for personalized responses to user queries.

&nbsp;

???? <strong>20,000 Free Digital Products: </strong>But wait, there's more! When you grab this deal today, you'll also receive access to 20,000 digital products absolutely FREE. These valuable resources cover a wide range of niches.

Don't miss out on this incredible offer! Click the link below to secure your Telegram AI Chatbot Pro with License Key Generator and 20,000 free digital products:
<h2>This tool empowers your business to:</h2>
- Reduce manual responses, freeing up your team for more complex tasks.
- Offer an always-on customer service experience, boosting engagement and retention.
- Respond to customer queries in real-time with personalized, automated replies.
- Improve customer satisfaction and loyalty through efficient support.","Are you looking to enhance your customer support, streamline marketing efforts, and boost response times? Look no further! The Telegram AI Chatbot Pro is here to revolutionize the way you engage with your customers. With its powerful features and intuitive interface, it's your go-to solution for providing exceptional customer service and optimizing your business operations",publish,,0,"2023-10-31 16:27:47",1,open,,,,yes,yes,,2599,699,,,,,,,instock,no,no,,no,taxable,,,,,,'-1,'-1,,,"https://digitalstore.netbrux.com/wp-content/uploads/2023/10/1.png ! alt :  ! title : 1 ! desc :  ! caption : ","Telegram-AI-Chatbot-Pro-qwcidc-ckqhdg.pdf::https://digitalstore.netbrux.com/wp-content/uploads/woocommerce_uploads/2023/10/Telegram-AI-Chatbot-Pro-wr6v7v.pdf | Download Bonus::https://digitalstore.netbrux.com/wp-content/uploads/woocommerce_uploads/2023/10/20000-Digital-Products-Bundle-merge_WaSender_3000Sales_Celebration-ubtjmy-1-6img1z.pdf",https://digitalstore.netbrux.com/product/telegram-ai-chatbot-pro/,0,simple,,Software,,
"30K High-Converting DFY Promo Emails Bundle",30k-high-converting-dfy-promo-emails-bundle,,36,"<h2></h2>
<h1 style=""text-align: center;""><strong>30K Email Bundle Profitable Promotional Emails</strong></h1>
&nbsp;
<h2 style=""text-align: center;""><span style=""font-size: 18pt;""><strong>4,000 eBook with Resell Rights (<span style=""color: #ff0000;""><span class=""JsGRdQ"">Free Bonuse</span></span>)</strong></span></h2>
<h2 style=""text-align: center;""><span style=""font-size: 18pt;""><strong>8000 FACEBOOK BUSINESS GROUPS LINK (<span style=""color: #ff0000;""><span class=""JsGRdQ"">Free Bonuse</span></span>)</strong></span></h2>
&nbsp;

<hr />

<h2 class=""h1 h1-main"" style=""text-align: center;""><strong>Your success is in Our hands</strong></h2>
From today you do not need copywriter knowledge or any software to start sending the best quality emails that generate six-digit profits! Every business and marketer needs unique and selling emails that grab customers' attention and increase clickability and openability.
<h3 class=""h2 h-center"" style=""text-align: center;""><span style=""font-size: 18pt; color: #000000;"">Download Unrestricted Private Label Rights</span></h3>
<p style=""text-align: center;""><span style=""color: #000000;"">Promotional Emails and Earn 100% Profits!</span></p>
&nbsp;

<hr />

<h2 class=""h2"" style=""text-align: left;""><strong><span style=""font-size: 18pt;""><a href=""https://netbrux.com/wp-content/uploads/2022/10/way.svg""><img class=""wp-image-10122 alignleft"" src=""https://netbrux.com/wp-content/uploads/2022/10/way.svg"" alt=""Promo emails"" width=""400"" height=""404"" /></a><span style=""color: #000000; font-size: 24pt;"">What are Promo emails?</span></span></strong></h2>
<div class=""section-subtitle"" style=""text-align: left;"">Basically, these are editable e-mail messages that you can use for your own purposes. <span style=""font-size: inherit;"">Promo Emails are readily prepared emails that affiliates can take, tweak a little and send out. All your affiliates have access to a pool of affiliate copy to use. This ensures that your brand will be marketed in approximately the same style and voice, while also giving some freedom to your affiliates.</span></div>
<div></div>
<div></div>
<div></div>
<div></div>
<div></div>
<div></div>
<div></div>
<div></div>
<div></div>
<a href=""https://netbrux.com/wp-content/uploads/2022/10/Capturejjippk.png""><img class=""size-large wp-image-10127 aligncenter"" src=""https://netbrux.com/wp-content/uploads/2022/10/Capturejjippk-1024x452.png"" alt=""Capturejjippk"" width=""1024"" height=""452"" /></a>
<div class=""h-decor-2"">
<h2></h2>
<h2 class=""h2 h-center"" style=""text-align: center;""><strong>Discover The Success Of 3 Steps!</strong></h2>
<div class=""section-subtitle h-center"" style=""text-align: center;""><span style=""font-size: 18pt;"">Make your business explode in seconds! Start now!</span></div>
</div>
<div></div>
<div></div>
<div class=""h-decor-2"">
<div><a href=""https://netbrux.com/wp-content/uploads/2022/10/Capturehuhuhu.jpg""><img class=""size-large wp-image-10128 aligncenter"" src=""https://netbrux.com/wp-content/uploads/2022/10/Capturehuhuhu-1024x477.jpg"" alt=""Capturehuhuhu"" width=""1024"" height=""477"" /></a></div>
<div>
<h2></h2>
<h2 class=""h3""><strong><span style=""font-size: 24pt;"">Promotional Emails</span></strong></h2>
<div class=""newsletter__text"">

<a href=""https://netbrux.com/wp-content/uploads/2022/12/newsletter.svg""><img class=""wp-image-10129 alignright"" src=""https://netbrux.com/wp-content/uploads/2022/12/newsletter.svg"" alt=""newsletter"" width=""384"" height=""303"" /></a>Our Promo Emails files is a collection of tested and proven advertising and sales letters. Storing a promo. Emails is a common practice used by advertising copywriters and creative directors as a reference to project ideas. Authors and publishers can benefit from creating a swipeable file with best-selling titles to give them ideas for their own titles. Publishers can create a file with dragged headlines in press releases. Copywriters also need to keep copies of the ads in the swipe file for future inspiration. Promo Emails files are also commonly used by web marketers who need to gather a lot of resources not only about products but also marketing methods and strategies.

</div>
</div>
&nbsp;

</div>
&nbsp;
<h2 class=""h2 h-center"" style=""text-align: center;"">Get Your Set Of <strong>30k Promo Emails </strong> Now and Start Reaping the Harvest of Success!</h2>
&nbsp;

<a href=""https://netbrux.com/wp-content/uploads/2022/10/Capture-1.png""><img class="" wp-image-7804 aligncenter"" src=""https://netbrux.com/wp-content/uploads/2022/10/Capture-1-300x207.png"" alt="""" width=""704"" height=""486"" /></a>

<a href=""https://netbrux.com/wp-content/uploads/2022/10/Capture-2g.png""><img class="" wp-image-7807 aligncenter"" src=""https://netbrux.com/wp-content/uploads/2022/10/Capture-2g-300x206.png"" alt="""" width=""690"" height=""473"" /></a>

<a href=""https://netbrux.com/wp-content/uploads/2022/10/Capture-33.png""><img class="" wp-image-7811 aligncenter"" src=""https://netbrux.com/wp-content/uploads/2022/10/Capture-33-300x165.png"" alt="""" width=""694"" height=""382"" /></a><a href=""https://netbrux.com/wp-content/uploads/2022/10/Capture44.png""><img class="" wp-image-7810 aligncenter"" src=""https://netbrux.com/wp-content/uploads/2022/10/Capture44-300x204.png"" alt="""" width=""700"" height=""476"" /></a>

<a href=""https://netbrux.com/wp-content/uploads/2022/10/Capture55.png""><img class="" wp-image-7809 aligncenter"" src=""https://netbrux.com/wp-content/uploads/2022/10/Capture55-300x204.png"" alt="""" width=""685"" height=""466"" /></a>

<a href=""https://netbrux.com/wp-content/uploads/2022/10/Capture66.png""><img class="" wp-image-7808 aligncenter"" src=""https://netbrux.com/wp-content/uploads/2022/10/Capture66-300x195.png"" alt="""" width=""688"" height=""447"" /></a>",,publish,,0,"2023-10-31 16:38:44",1,open,,,,yes,yes,,2599,699,,,,,,,instock,no,no,,no,taxable,,,,,,'-1,'-1,,,"https://digitalstore.netbrux.com/wp-content/uploads/2023/10/4.png ! alt :  ! title : 4 ! desc :  ! caption : ","Download Now::https://digitalstore.netbrux.com/wp-content/uploads/woocommerce_uploads/2023/10/30K-Email-Bundle-with-Resell-Rights-gjg0f8.pdf",https://digitalstore.netbrux.com/product/30k-high-converting-dfy-promo-emails-bundle/,0,simple,,email,,
"1500+ Canva Post Template Bundle with Bonuses",1500-canva-post-template-bundle-with-bonuses,,37,"<h1 style=""text-align: center;""><strong>1500+ Canva Post Template Bundle</strong></h1>

<hr />

<h2 style=""text-align: center;""><span style=""font-size: 18pt;""><strong> 260+ Marketing Videos and Graphic Templates (<span style=""color: #ff0000;"">Free</span> <span style=""color: #ff0000;"">Bonus</span>)</strong></span></h2>
<h2 style=""text-align: center;""><span style=""font-size: 18pt;""><strong>1900+ HD &amp; 4K Stock Videos! (<span style=""color: #ff0000;"">Free Bonus</span>)</strong></span></h2>

<hr />

<h3 style=""text-align: center;""><a href=""https://netbrux.com/wp-content/uploads/2022/07/Untitled-design-1.png""><img class="" wp-image-6460 aligncenter"" src=""https://netbrux.com/wp-content/uploads/2022/07/Untitled-design-1-300x300.png"" alt="""" width=""401"" height=""401"" /></a><strong>1500+ Canva Post Bundle (Business &amp; Success)</strong></h3>
<span class=""ql-font-lato"">You are about to get lifetime access to an exclusive collection of </span><strong class=""ql-font-lato"">Ready-to-Use Eye-Caching Canva Templates</strong><span class=""ql-font-lato""> to level up your social media game and gain more authority in your business WITHOUT hiring an expensive graphic designer.</span>
<ul class=""regular-bull"">
 	<li><span class=""ql-font-lato"">Boost your business or brand identity</span></li>
 	<li><span class=""ql-font-lato"">Gain instant authority from your audience</span></li>
 	<li><span class=""ql-font-lato"">Create beautiful and engaging social media content.</span></li>
 	<li>Get loved while dramatically growing your reach</li>
 	<li>Make your design workflow professional, faster, and easier.</li>
</ul>
&nbsp;

<a href=""https://netbrux.com/wp-content/uploads/2022/10/ght.png""><img class="" wp-image-8720 aligncenter"" src=""https://netbrux.com/wp-content/uploads/2022/10/ght-300x152.png"" alt=""ght"" width=""596"" height=""302"" /></a>

&nbsp;
<p style=""text-align: center;""><span style=""font-size: 18pt;""><strong class=""ql-font-lato"">One Interesting thing is...</strong></span></p>
<p style=""text-align: center;""><span class=""ql-font-lato"" style=""font-size: 18pt;"">You'll ONLY need a free Canva account</span></p>
<p style=""text-align: center;""><span class=""ql-font-lato"" style=""font-size: 18pt;"">And no one would be able to stop you from creating super designs.</span></p>
<p style=""text-align: center;""><span style=""font-size: 18pt;""><strong class=""ql-font-lato"">But that’s not ALL!</strong></span></p>
<p style=""text-align: center;""><span style=""font-size: 18pt;""><span class=""ql-font-lato"">On the next page, </span><span class=""ql-font-lato"">we'll also give you a BIG CHANCE to secure </span><strong class=""ql-font-lato"">FULL Unresticted Use Rights</strong><span class=""ql-font-lato""> to These Stunning Canva Templates Designs...</span></span></p>
<p style=""text-align: center;""><span style=""font-size: 18pt;""><strong class=""ql-font-patuaone"">Thousands of Done-For-You Editable Canva Templates for Various Needs...</strong></span></p>
&nbsp;

<a href=""https://netbrux.com/wp-content/uploads/2022/10/hhjhyu.png""><img class="" wp-image-8719 aligncenter"" src=""https://netbrux.com/wp-content/uploads/2022/10/hhjhyu-300x170.png"" alt=""hhjhyu"" width=""626"" height=""355"" /></a>
<h2></h2>
<h2 style=""text-align: center;""><span style=""font-size: 24pt;""><strong class=""ql-font-patuaone"">Don't Lose the Chance to Grab This Massive Collection of Editable Canva Templates</strong></span></h2>
&nbsp;

More than 1500+ Business and Success Post Templates. All posts are editable with Canva. Get more Reach with High Quality Posts.

Generate High Quality Leads for Your Business with High Quality Content in your social media. Increase Your Follower Base in your Social Media Handle. Make Outstanding Social Media Profile by Posting Great Quality Content on the name of your Brand. Customize this post by adding your Photo or your Brand Photo to build a Brand in social media.

Saves lot of Time of Creators, Influencers and Entrepreneurs.

&nbsp;

<hr />

<h4 style=""text-align: center;""><strong>260+ Marketing Videos and Graphic Templates (<span style=""color: #ff0000;"">Free Bonus</span>)</strong></h4>

<hr />

<center></center><center></center><center></center><center></center><center><iframe title=""YouTube video player"" src=""https://www.youtube.com/embed/Q6U4RrNEL0U"" width=""560"" height=""315"" frameborder=""0"" allowfullscreen=""allowfullscreen""></iframe></center><center></center><center></center><center><iframe title=""YouTube video player"" src=""https://www.youtube.com/embed/qkZwVUuSrn4"" width=""560"" height=""315"" frameborder=""0"" allowfullscreen=""allowfullscreen""></iframe></center><center></center><center></center><center><iframe title=""YouTube video player"" src=""https://www.youtube.com/embed/ooLS9szghus"" width=""560"" height=""315"" frameborder=""0"" allowfullscreen=""allowfullscreen""></iframe></center><center></center><center></center><center><iframe title=""YouTube video player"" src=""https://www.youtube.com/embed/xOycfneOx28"" width=""560"" height=""315"" frameborder=""0"" allowfullscreen=""allowfullscreen""></iframe></center>

<hr />

<h4 style=""text-align: center;""><b>1900+ HD &amp; 4K Stock Videos! (</b><span style=""color: #ff0000;"">Free Bonus</span><b>)</b></h4>

<hr />

&nbsp;

Earth Stock Videos
Drinks Stock Videos
Vacation Stock Videos
Cities Buildings Stock Videos
Science Stock Videos
River Stock Videos
Music Stock Videos
People Stock Videos
Religion Stock Videos
Smoke Stock Videos
Computer Stock Videos
Business Stock Videos
Space 4K UHD Stock Videos
Slow Motion 4K UHD Stock Videos
Animation HD Stock Videos
Animals HD Stock Videos
Christmas Stock Videos
Snow Stock Videos
Food 4K UHD Stock Videos
Fun 4K UHD Stock Videos
Sports 4K UHD Stock Videos
Backgrounds Stock Videos
Insect Stock Videos
Nature Stock Videos
Food Stock Videos
Sports Stock
Animals Stock Videos
Fire Stock Videos
Fashion Beauty Stock Videos
Factory Work Stock Videos
Destinations Stock Videos
Boat Stock Videos",,publish,,0,"2023-10-31 16:38:44",1,open,,,,yes,yes,,2599,699,,,,,,,instock,no,no,,no,taxable,,,,,,'-1,'-1,,,"https://digitalstore.netbrux.com/wp-content/uploads/2023/10/3.png ! alt :  ! title : 3 ! desc :  ! caption : ","Download Now::https://digitalstore.netbrux.com/wp-content/uploads/woocommerce_uploads/2023/10/1500-Canva-Post-Template-Bundle-with-Bonuses-fbai7n.pdf",https://digitalstore.netbrux.com/product/1500-canva-post-template-bundle-with-bonuses/,0,simple,,canva,,
"Bulk WhatsApp sender + Group Sender + Autobot",bulk-whatsapp-sender,,38,"Introducing the Ultimate Bulk WhatsApp Sender and Autobot with License Key Generator!

Are you looking to supercharge your WhatsApp marketing efforts and take your business to the next level? Look no further, because our Bulk WhatsApp Sender and Autobot with License Key Generator is here to revolutionize the way you connect with your audience. Say goodbye to manual messaging and hello to efficiency, convenience, and automation!

**Key Features:**

**1. Bulk WhatsApp Messaging:**
- Send thousands of personalized WhatsApp messages to your contacts with just a few clicks.
- Easily import your contact list or create custom recipient groups for targeted marketing campaigns.
- Save time and reach a wider audience effortlessly.

**2. Autobot for Automated Responses:**
- Set up automated responses to engage with your customers 24/7.
- Create customized responses for frequently asked questions and interact with customers in real-time.
- Enhance customer support and satisfaction with quick, automated replies.

**3. License Key Generator:**
- Secure your software with our built-in license key generator.
- Protect your investment by ensuring only authorized users can access your powerful WhatsApp marketing tools.
- Easily manage and control access with unique license keys.

**4. Versatile and User-Friendly:**
- Our software is designed with user-friendliness in mind, making it accessible for both beginners and experienced marketers.
- Benefit from regular updates and customer support to stay ahead in the WhatsApp marketing game.

**5. Compliance and Privacy:**
- Our Bulk WhatsApp Sender and Autobot are designed to comply with WhatsApp's terms of service to ensure you're always on the right side of the law.
- Protect your users' data and privacy while reaping the benefits of this powerful tool.

**6. Real-time Reporting and Analytics:**
- Monitor the success of your campaigns with real-time reporting and analytics.
- Track message delivery, open rates, and response rates to optimize your strategies.

**7. Affordable and Cost-Effective:**
- Our solution offers a cost-effective way to reach your audience without the need for expensive marketing campaigns.
- Save time and money while achieving impressive results.

Whether you're a small business owner, a marketing professional, or an entrepreneur looking to scale your operations, our Bulk WhatsApp Sender and Autobot with License Key Generator is the ultimate tool to drive your WhatsApp marketing efforts to new heights. Engage with your audience, automate your messaging, and stay compliant with WhatsApp's policies.

Don't miss out on this game-changing opportunity to boost your business. Get your hands on the Bulk WhatsApp Sender and Autobot with License Key Generator today and witness the transformation of your WhatsApp marketing strategy.","Introducing the Ultimate Bulk WhatsApp Sender and Autobot with License Key Generator!

Are you looking to supercharge your WhatsApp marketing efforts and take your business to the next level? Look no further, because our Bulk WhatsApp Sender and Autobot with License Key Generator is here to revolutionize the way you connect with your audience. Say goodbye to manual messaging and hello to efficiency, convenience, and automation!",publish,,0,"2023-10-31 16:38:44",1,open,,,,yes,yes,,2599,699,,,,,,,instock,no,no,,no,taxable,,,,,,'-1,'-1,,,"https://digitalstore.netbrux.com/wp-content/uploads/2023/10/5.png ! alt :  ! title : 5 ! desc :  ! caption : ","Download Software::https://digitalstore.netbrux.com/wp-content/uploads/woocommerce_uploads/2023/10/whats-bulk-r1vosr.pdf",https://digitalstore.netbrux.com/product/bulk-whatsapp-sender/,0,simple,,Software,,
"Google Map Extractor Software",google-map-extractor,,42,"<h1>Google Map Extractor Software</h1>
&nbsp;

<center><iframe title=""YouTube video player"" src=""https://www.youtube.com/embed/jjaxtdYKors"" width=""560"" height=""315"" frameborder=""0"" allowfullscreen=""allowfullscreen""></iframe></center>
<h4></h4>
&nbsp;
<h4 id=""item-description__gm-extractor-is-windows-based-software-which-runs-on-pc-a-solution-to-scrap""><strong>GM Extractor – Is Windows based software which runs on PC, a solution to Scrap Data from Google Map</strong></h4>
&nbsp;
<h2>Introducing GM Extractor –</h2>
The ultimate Google Map Extractor Software designed to provide a powerful solution for scraping data from Google Maps. With its Windows-based platform, this software runs seamlessly on your PC, allowing you to extract valuable information from Google Map listings effortlessly.
<h2>Unlimited Data Scraping:</h2>
With GM Extractor, you can scrape an unlimited amount of data from Google Maps by combining multiple keywords and locations. Whether you're looking for business names, mobile numbers, review counts, ratings, categories, addresses, websites, email IDs, plus codes, closing hours, latitude, longitude, or social media profiles such as Instagram, Facebook, LinkedIn, and Twitter, this software has you covered.

&nbsp;
<h2>Modern Material Design:</h2>
Enjoy a sleek and intuitive user interface with the latest Material Design, making it easy and enjoyable to navigate the software's features and functionalities.
<h2>Data Export and Reporting:</h2>
GM Extractor enables you to export all scraped data into an Excel sheet, allowing you to analyze, organize, and utilize the extracted information effortlessly. Generate comprehensive reports based on the extracted data for further analysis and decision-making.
<h2>Detailed Documentation and Runnable Files:</h2>
This software comes with detailed documentation, including annotated images and instructional videos, providing you with clear instructions on how to use the software effectively. Additionally, you'll receive the necessary runnable files to ensure a smooth installation and setup process.
<h2>License Key Manager:</h2>
GM Extractor is protected with an activation process, ensuring the security and validity of the software. You'll receive a KeyGen tool along with the software bundle, allowing you to manage and distribute license keys seamlessly.
<h2>Free Lifetime Updates:</h2>
We are dedicated to continuously improving GM Extractor. As a valued customer, you will receive free lifetime updates, ensuring that you always have access to the latest features and enhancements as they become available.
<h2>Source Code and Rebranding:</h2>
Please note that the source code is not provided with this product.

Unlock the full potential of Google Maps data with GM Extractor - the reliable, efficient, and user-friendly solution for extracting valuable information. Empower your business or provide a valuable tool
<h2 id=""item-description__-features"">Features</h2>
<ul>
 	<li><strong>Scrap Unlimited Data: </strong>Scrap Unlimited Data from google map with combination of multiple keywords and locations</li>
 	<li><strong>Maximum Extraction fields: </strong>Using this system you can extract bellow fields from google map
<ol>
 	<li>Business Name</li>
 	<li>MobileNumber</li>
 	<li>Review Count</li>
 	<li>Rating Count</li>
 	<li>Catagory</li>
 	<li>Address</li>
 	<li>Website</li>
 	<li>EmailId</li>
 	<li>Plus Code</li>
 	<li>clossing hours</li>
 	<li>latitude</li>
 	<li>longitude</li>
 	<li>instagram profile</li>
 	<li>facebook profile;</li>
 	<li>linkedin profile</li>
 	<li>twitter profile</li>
</ol>
</li>
</ul>
<ul>
 	<li><strong>Modern Material Design: </strong>Latest Material UI design with easy to use interface</li>
 	<li><strong>Report: </strong>You can export all scraped data into excel sheet</li>
 	<li><strong>Documentations: </strong>Detailed documents with images (with markups) and video</li>
 	<li><strong>Runnable Files: </strong>We provided Runnable files</li>
 	<li><strong>License key Manager: </strong>This software is protected with Activation Process, You will get ‘KeyGen’ along with this app Bundle</li>
 	<li><strong>Free lifetime Updates: </strong>We Improving this product day by day, You will get free lifetime updates if any new update available in future</li>
 	<li><strong>Source code: </strong>Source code is NOT provided with this product</li>
</ul>
&nbsp;","&nbsp;

<strong>GM Extractor – Is Windows based software which runs on PC, a solution to Scrap Data from Google Map</strong>

<strong>Scrap Unlimited Data: </strong>Scrap Unlimited Data from google map with combination of multiple keywords and locations",publish,,0,"2023-10-31 16:38:44",1,open,,,,yes,yes,,2599,699,,,,,,,instock,no,no,,no,taxable,,,,,,'-1,'-1,,,"https://digitalstore.netbrux.com/wp-content/uploads/2023/10/6.png ! alt :  ! title : 6 ! desc :  ! caption : ",Google-Map-Extractor-Software-Resell-jim4cx.pdf::https://digitalstore.netbrux.com/wp-content/uploads/woocommerce_uploads/2023/10/Google-Map-Extractor-Software-hjvhrx.pdf,https://digitalstore.netbrux.com/product/google-map-extractor/,0,simple,,Software,"extractor|google map|software",
"WhatsApp Number Filter/Validator",whatsapp-number-filter-validator-100-resale-rights-license-key-manager,,48,"<h2>Introducing Fast WhatsApp Number Filter / Validator - Your Ultimate Solution for Efficiently Filtering and Validating WhatsApp Numbers!</h2>
<strong>WhatsApp Number Filter / Validator</strong> is a powerful Windows-based software, designed to run on your PC, offering an advanced solution to filter and validate numbers, ensuring they are available on WhatsApp before proceeding with your outreach efforts.

&nbsp;
<p style=""text-align: center;""><iframe title=""YouTube video player"" src=""https://www.youtube.com/embed/AG0wVzu-Qho"" width=""560"" height=""315"" frameborder=""0"" allowfullscreen=""allowfullscreen""></iframe></p>

<h2></h2>
<h2><strong>**Key Features:**</strong></h2>
1. Validate Unlimited Numbers: Our software allows you to effortlessly validate an unlimited number of contacts, saving you valuable time and effort.

2. String Anti-ban Settings: Enjoy peace of mind with our innovative anti-ban settings, ensuring a smooth and secure validation process.
<h2><strong>**100% Resale Rights - Regular License:**</strong></h2>
You have complete freedom with the product, as you can sell it to your customers for use on unlimited computers. Each computer will generate a unique 'KeyCode,' which you, as the software owner, can provide along with an 'Activation Code' that includes date validity.
<h2><strong>**Modern Material Design:**</strong></h2>
Experience the latest Material UI design that offers a user-friendly interface for easy navigation and seamless operation.
<h2><strong>**Comprehensive Reporting:**</strong></h2>
Effortlessly export all scraped data into an Excel sheet, providing you with clear and organized insights.
<h2><strong>**Detailed Documentation:**</strong></h2>
Our product comes with detailed documentation, complete with images (including markups) and video tutorials, making it easy for you to set up and maximize its potential.
<h2><strong>**Runnable Files:**</strong></h2>
We provide fully functional and ready-to-run files, ensuring a hassle-free installation process.
<h2><strong>**License Key Manager:**</strong></h2>
For added security, our software is protected with an Activation Process. As a valued customer, you will receive a 'KeyGen' along with the app bundle.
<h2><strong>**Free Lifetime Updates:**</strong></h2>
We are continuously enhancing this product to ensure it meets your evolving needs. Rest assured, you will receive free lifetime updates to keep your software up-to-date.
<h2><strong>**Source Code Exclusion:**</strong></h2>
Please note that the source code of this product is not available for distribution with the software.

Get started with Fast WhatsApp Number Filter / Validator today and unlock a new level of efficiency and productivity for your WhatsApp marketing endeavors. Enhance your outreach, boost productivity, and reach your audience like never before!","<strong>WhatsApp Number Filter / Validator</strong> is a powerful Windows-based software, designed to run on your PC, offering an advanced solution to filter and validate numbers, ensuring they are available on WhatsApp before proceeding with your outreach efforts.

<strong>Validate Unlimited Numbers</strong>: Our software allows you to effortlessly validate an unlimited number of contacts, saving you valuable time and effort.",publish,,0,"2023-10-31 16:38:45",1,open,,,,yes,yes,,2599,699,,,,,,,instock,no,no,,no,taxable,,,,,,'-1,'-1,,,"https://digitalstore.netbrux.com/wp-content/uploads/2023/10/9.png ! alt :  ! title : 9 ! desc :  ! caption : ","Download Software::https://digitalstore.netbrux.com/wp-content/uploads/woocommerce_uploads/2023/10/WhatsApp-Number-Filter-_-Validator-qptyq0.pdf",https://digitalstore.netbrux.com/product/whatsapp-number-filter-validator-100-resale-rights-license-key-manager/,0,simple,,Software,WhatsApp,
"Multi WhatsApp account Browser + WhatsApp Warmer / Account engager",multi-whatsapp-account-browser-whatsapp-warmer-account-engager,,49,"<h2>Multi WhatsApp Account Browser + WhatsApp Warmer / Account Engager (Full Reseller)</h2>
Introducing our powerful Windows-based software, Multi WhatsApp Account Browser + WhatsApp Warmer / Account Engager (Full Reseller). This innovative tool allows you to efficiently manage and engage multiple WhatsApp accounts directly from your PC. With Multi WhatsApp Account Browser + WhatsApp Warmer / Account Engager (Full Reseller), you can now boost your WhatsApp activities and keep all your new WhatsApp accounts connected effortlessly. It simulates human-like conversations among your added accounts, making it a breeze to chat from one account to another.

&nbsp;
<p style=""text-align: center;""><iframe title=""YouTube video player"" src=""https://www.youtube.com/embed/gzQIkmMhU6w"" width=""560"" height=""315"" frameborder=""0"" allowfullscreen=""allowfullscreen""></iframe></p>
&nbsp;

Say goodbye to the fear of account blocks! WhatsApp Accounts Engager automatically increases both incoming and outgoing messages, significantly reducing the risk of any account bans due to low activity.
<h2>**Key Features:**</h2>
1. **<strong>Add Unlimited Numbers</strong>:** Attach and access an unlimited number of WhatsApp accounts all in one place.

2. **<strong>Centralized Account Management</strong>:** No need to install multiple browsers for your various WhatsApp accounts.

3. **<strong>Bulk Session Saver:</strong>** Seamlessly add unlimited WhatsApp Sender Numbers without rescanning QR codes each time you run the software (BETA Support).

4. **<strong>Customizable Delay Options</strong>:** Control the delay in seconds between each message while warming up senders internally or through the cloud.

5. **<strong>100% Resale Rights:</strong>** Enjoy complete freedom to resell this product to your customers on an unlimited number of computers. Each computer will generate a unique 'KeyCode,' while you, as the software owner, can provide them with an 'Activation Code' (with date validity).

6. **<strong>Modern Material Design</strong>:** Experience the latest Material UI design, featuring an easy-to-use interface.

7. **<strong>Comprehensive Documentation</strong>:** Get detailed documentation along with video tutorials for easy implementation.

8. **<strong>Runnable Files</strong>:** Access runnable files for a smooth setup and installation process.

9. **<strong>License Key Manager</strong>:** The software is protected with an Activation Process, and you will receive a 'KeyGen' bundled with the app.

10. **<strong>Free Lifetime Updates</strong>:** We are committed to continuous improvement, and you will receive free lifetime updates whenever new features become available in the future.

Elevate your WhatsApp experience with Multi WhatsApp Account Browser + WhatsApp Warmer / Account Engager (Full Reseller). Unlock the potential of efficient WhatsApp account management and seamless engagement like never before. Purchase now and take your WhatsApp endeavors to new heights!","Introducing our powerful Windows-based software, <strong>Multi WhatsApp Account Browser + WhatsApp Warmer / Account Engager (Full Reseller)</strong>. This innovative tool allows you to efficiently manage and engage multiple WhatsApp accounts directly from your PC. With Multi WhatsApp Account Browser + WhatsApp Warmer / Account Engager (Full Reseller), you can now boost your WhatsApp activities and keep all your new WhatsApp accounts connected effortlessly. It simulates human-like conversations among your added accounts, making it a breeze to chat from one account to another.",publish,,0,"2023-10-31 16:38:45",1,open,,,,yes,yes,,2599,999,,,,,,,instock,no,no,,no,taxable,,,,,,'-1,'-1,,,"https://digitalstore.netbrux.com/wp-content/uploads/2023/10/7.png ! alt :  ! title : 7 ! desc :  ! caption : ","Download Software::https://digitalstore.netbrux.com/wp-content/uploads/woocommerce_uploads/2023/10/Multi-WhatsApp-account-Browser-WhatsApp-Warmer-ocsjkx.pdf",https://digitalstore.netbrux.com/product/multi-whatsapp-account-browser-whatsapp-warmer-account-engager/,0,simple,,Software,,
"10,000 ChatGPT Prompts",10000-chatgpt-prompts,,50,"<h2>Unleash ChatGPT's Power with 10,000 Resellable Prompts! Boost Profits Now!</h2>
Revolutionize your content creation game with our exclusive offer: 10,000 ChatGPT Prompts with Resell Rights. Ignite your earnings as you tap into the limitless potential of ChatGPT optimization.

&nbsp;
<h2>DFY Resellers Kit + Landing Pages + Keep 100% Profits</h2>
Unlock a complete reselling experience! Gain instant access to a ready-to-go reseller kit, professionally designed landing pages, and unleash the ability to pocket every cent of your sales – all without the hassle.

&nbsp;
<h2>Elevate Your Niche Strategy</h2>
No more second-guessing! These meticulously researched prompts span high-converting niches like Marketing, Self-Help, New Startups, Sales, and Customer Service. Each prompt is a goldmine ready to be optimized on ChatGPT to craft accurate and informative answers effortlessly.

&nbsp;
<h2>Tap into Endless Opportunities</h2>
Craft compelling content, generate complex codes, and formulae with ease! Dive into ChatGPT's versatility as you elevate your freelance game on platforms like Upwork and Fiverr. These prompts will power your journey from novice to pro, ensuring each project is a masterpiece.

&nbsp;
<h2>Your Ticket to Financial Freedom</h2>
Are you tired of information overload and seeking a practical way to earn online? Look no further! With our ChatGPT Prompts, you're holding the key to a profitable venture. Reselling a product from a booming niche with Private Label Rights? It's a recipe for online success!

&nbsp;
<h2>Act Now for Maximum Gain</h2>
This opportunity is time-sensitive. Get UNRESTRICTED PLR access to a product that guarantees profit without the hassle. Don't miss the chance to skyrocket your bank balance!

&nbsp;
<h2>What's Inside?</h2>
✅ 10,000 ChatGPT Prompts: Ready for optimization in diverse niches
✅ Reseller's Kit: Eliminate sales copy creation stress
✅ Professionally Crafted Landing Pages: Your gateway to lucrative sales
✅ Unrestricted Private Label Rights: Keep 100% of your earnings
<p style=""text-align: center;""></p>","Revolutionize your content creation game with our exclusive offer: 10,000 ChatGPT Prompts with Resell Rights. Ignite your earnings as you tap into the limitless potential of ChatGPT optimization. With DFY Resellers Kit + Landing Pages + Keep 100% Profits",publish,,0,"2023-10-31 16:38:45",1,open,,,,yes,yes,,2599,699,,,,,,,instock,no,no,,no,taxable,,,,,,'-1,'-1,,,"https://digitalstore.netbrux.com/wp-content/uploads/2023/10/2.png ! alt :  ! title : 2 ! desc :  ! caption : ","Download Now::https://digitalstore.netbrux.com/wp-content/uploads/woocommerce_uploads/2023/10/10000-ChatGPT-Prompts-nknhkz.pdf | Download Bonus::https://digitalstore.netbrux.com/wp-content/uploads/woocommerce_uploads/2023/10/20000-Digital-Products-Bundle-merge_WaSender_3000Sales_Celebration-ubtjmy-1-6img1z.pdf",https://digitalstore.netbrux.com/product/10000-chatgpt-prompts/,0,simple,,"Chat GPT","chat gpt prompts|ChatGPT",
"1000+ High-Quality Fitness Workout Videos",1000-high-quality-fitness-workout-videos,,1245,"<h4>Transform Your Fitness Journey with 1000+ High-Quality Workout Videos</h4>
Are you ready to ditch boring workouts and finally achieve the results you crave? Our massive collection of 1000+ high-quality fitness workout videos will revolutionize the way you exercise!

Unmatched Variety: Explore endless possibilities with cardio, strength training, yoga, Pilates, dance fitness, HIIT, and so much more. Banish workout boredom forever!
Expert Guidance: Follow along with world-class trainers who provide clear instructions, modifications, and the motivation you need to push harder.
All Fitness Levels: Whether you're a beginner or a seasoned athlete, find workouts tailored to your specific needs and goals.
Target Every Muscle: Discover routines focusing on specific areas like abs, arms, legs, or full-body blasts.
Convenience and Results: Get fit anytime, anywhere – your living room is your new gym! Experience the life-changing power of consistent, effective exercise.
Order today and unleash your fitness potential!","<h4>Transform Your Fitness Journey with 1000+ High-Quality Workout Videos</h4>
Are you ready to ditch boring workouts and finally achieve the results you crave? Our massive collection of 1000+ high-quality fitness workout videos will revolutionize the way you exercise!",publish,,0,"2024-03-17 01:10:43",1,open,,,,yes,yes,,2499,399,,,,,,,instock,no,no,,no,taxable,,,,,,'-1,'-1,,,"https://digitalstore.netbrux.com/wp-content/uploads/2024/03/11.png ! alt :  ! title : 11 ! desc :  ! caption : ",Download::https://digitalstore.netbrux.com/wp-content/uploads/woocommerce_uploads/2024/03/1000-High-Quality-Fitness-Workout-Videos-7ciwm7.pdf,https://digitalstore.netbrux.com/product/1000-high-quality-fitness-workout-videos/,0,simple,,"Short Videos",,
"3D Graphics Pack",3d-graphics-pack,,1247,"<p data-sourcepos=""5:1-5:68""><strong>Transform Your Projects with the Ultimate 3D Graphics Powerhouse</strong></p>
<p data-sourcepos=""7:1-7:190"">Unleash jaw-dropping visuals with our extraordinary 3D Graphics Pack! This comprehensive collection boasts a staggering 1500+ elements, empowering you to elevate your designs to new heights.</p>

<ul data-sourcepos=""9:1-12:0"">
 	<li data-sourcepos=""9:1-9:150""><strong>Bring Your Brand to Life:</strong> Infuse personality with 275+ animated avatars, each meticulously crafted to capture diverse emotions and expressions.</li>
 	<li data-sourcepos=""10:1-10:136""><strong>Establish a Powerful Identity:</strong> Choose from 1000+ captivating logos that embody your brand's essence and make a lasting impression.</li>
 	<li data-sourcepos=""11:1-12:0""><strong>Showcase Your Products in Style:</strong> Entice your audience with 250+ stunning 3D eCovers that project professionalism and irresistible appeal.</li>
</ul>
<p data-sourcepos=""13:1-13:171"">This massive package is your one-stop shop for eye-catching graphics that leave a mark. Perfect for websites, social media, presentations, marketing materials, and beyond!</p>","<p data-sourcepos=""5:1-5:68""><strong>Transform Your Projects with the Ultimate 3D Graphics Powerhouse</strong></p>
<p data-sourcepos=""7:1-7:190"">Unleash jaw-dropping visuals with our extraordinary 3D Graphics Pack! This comprehensive collection boasts a staggering 1500+ elements, empowering you to elevate your designs to new heights.</p>",publish,,0,"2024-03-17 01:23:39",1,open,,,,yes,yes,,4499,499,,,,,,,instock,no,no,,no,taxable,,,,,,'-1,'-1,,,"https://digitalstore.netbrux.com/wp-content/uploads/2024/03/12.png ! alt :  ! title : 12 ! desc :  ! caption : ",Download::https://digitalstore.netbrux.com/wp-content/uploads/woocommerce_uploads/2024/03/3D-Graphics-Pack-ozkyjr.pdf,https://digitalstore.netbrux.com/product/3d-graphics-pack/,0,simple,,Graphics,,
"5000 Vertical Videos Pack",5000-vertical-videos-pack,,1249,"<p data-sourcepos=""3:1-3:79""><strong>Elevate Your Social Media Game: The Ultimate 5000 Vertical Video Collection</strong></p>
<p data-sourcepos=""5:1-5:207"">Are you tired of struggling to create engaging vertical videos for your social media channels? Do you wish you had a massive library of high-quality, ready-to-use videos at your fingertips? Look no further!</p>
<p data-sourcepos=""7:1-7:108"">Introducing the <strong>5000 Vertical Videos Pack</strong> – your secret weapon for dominating the world of social media.</p>
<p data-sourcepos=""9:1-9:17""><strong>What You Get:</strong></p>

<ul data-sourcepos=""11:1-15:0"">
 	<li data-sourcepos=""11:1-11:195""><strong>5000 Stunning Videos:</strong> Meticulously crafted vertical videos in both 4K and 1080p HD quality, optimized for maximum impact on platforms like Instagram Reels, TikTok, YouTube Shorts, and more.</li>
 	<li data-sourcepos=""12:1-12:117""><strong>Super-Hot Niches:</strong> Cover the most in-demand, trending topics and niches to instantly capture audience attention.</li>
 	<li data-sourcepos=""13:1-13:137""><strong>Royalty-Free License:</strong> Use these videos worry-free for your own projects or even resell them to clients. No copyright hassles, ever.</li>
 	<li data-sourcepos=""14:1-15:0""><strong>Unbeatable Value:</strong> Get this entire collection for a fraction of the cost of producing a single professional video.</li>
</ul>
<p data-sourcepos=""16:1-16:24""><strong>Why Vertical Videos?</strong></p>

<ul data-sourcepos=""18:1-21:0"">
 	<li data-sourcepos=""18:1-18:119""><strong>Mobile-First Domination:</strong> Vertical videos are tailor-made for the way people consume content on their smartphones.</li>
 	<li data-sourcepos=""19:1-19:111""><strong>Increased Engagement:</strong> Studies show higher view-through rates and interaction with vertical video formats.</li>
 	<li data-sourcepos=""20:1-21:0""><strong>Stay Ahead of the Curve:</strong> All the major social platforms are prioritizing vertical video for maximum reach.</li>
</ul>
<p data-sourcepos=""22:1-22:34""><strong>The Possibilities Are Endless:</strong></p>

<ul data-sourcepos=""24:1-28:0"">
 	<li data-sourcepos=""24:1-24:102""><strong>Captivate Your Followers:</strong> Instantly boost your social media presence with eye-catching content.</li>
 	<li data-sourcepos=""25:1-25:87""><strong>Drive Traffic and Leads:</strong> Integrate compelling calls-to-action within your videos.</li>
 	<li data-sourcepos=""26:1-26:105""><strong>Sell Your Products &amp; Services:</strong> Showcase your offerings in a dynamic, visually appealing format.</li>
 	<li data-sourcepos=""27:1-28:0""><strong>Build a Profitable Side Hustle:</strong> Resell these high-demand videos to businesses and individuals.</li>
</ul>
<p data-sourcepos=""29:1-29:171""><strong>Don't miss this opportunity to take your social media marketing to the next level. Order your 5000 Vertical Videos Pack today and start seeing the results immediately!</strong></p>","<p data-sourcepos=""3:1-3:79""><strong>Elevate Your Social Media Game: The Ultimate 5000 Vertical Video Collection</strong></p>
<p data-sourcepos=""5:1-5:207"">Are you tired of struggling to create engaging vertical videos for your social media channels? Do you wish you had a massive library of high-quality, ready-to-use videos at your fingertips? Look no further!</p>
<p data-sourcepos=""7:1-7:108"">Introducing the <strong>5000 Vertical Videos Pack</strong> – your secret weapon for dominating the world of social media.</p>",publish,,0,"2024-03-17 01:25:48",1,open,,,,yes,yes,,4499,599,,,,,,,instock,no,no,,no,taxable,,,,,,'-1,'-1,,,"https://digitalstore.netbrux.com/wp-content/uploads/2024/03/13.png ! alt :  ! title : 13 ! desc :  ! caption : ",Download::https://digitalstore.netbrux.com/wp-content/uploads/woocommerce_uploads/2024/03/5000-Vertical-Videos-Pack-6dkjew.pdf,https://digitalstore.netbrux.com/product/5000-vertical-videos-pack/,0,simple,,"Short Videos",,
"Mega Fitness Bundle",mega-fitness-bundle,,1251,"<p data-sourcepos=""3:1-3:97""><strong>Introducing the Mega Fitness Bundle: Your Key to Physical Transformation and Business Success</strong></p>
<p data-sourcepos=""5:1-5:233"">Are you passionate about fitness? Do you dream of building a thriving online fitness brand or coaching business? The Mega Fitness Bundle is your all-in-one solution to achieve both personal health goals and entrepreneurial ambitions.</p>
<p data-sourcepos=""7:1-7:60""><strong>Unlock Limitless Fitness Knowledge and Earning Potential</strong></p>
<p data-sourcepos=""9:1-9:74"">This comprehensive bundle empowers you with a treasure trove of resources:</p>

<ul data-sourcepos=""11:1-17:0"">
 	<li data-sourcepos=""11:1-11:118""><strong>150 In-Depth eBooks:</strong> Dive into expert guidance on targeted fitness topics, muscle-building, nutrition, and more.</li>
 	<li data-sourcepos=""12:1-12:124""><strong>5000+ Compelling Articles:</strong> Educate yourself and your audience with insights on exercise, wellness, and healthy living.</li>
 	<li data-sourcepos=""13:1-13:113""><strong>2500 Inspirational Quote Images:</strong> Motivate and engage your followers with visually appealing fitness wisdom.</li>
 	<li data-sourcepos=""14:1-14:98""><strong>700 High-Definition Training Videos:</strong> Learn proper form and master a wide range of exercises.</li>
 	<li data-sourcepos=""15:1-15:141""><strong>10,000 Informative Articles:</strong> Explore gym strategies, cardio routines, diet plans, and everything needed for a complete fitness journey.</li>
 	<li data-sourcepos=""16:1-17:0""><strong>350 Vertical Fitness Videos:</strong> Capture attention and boost your social media presence with short, engaging fitness clips.</li>
</ul>
<p data-sourcepos=""18:1-18:39""><strong>Why Choose the Mega Fitness Bundle?</strong></p>

<ul data-sourcepos=""20:1-24:0"">
 	<li data-sourcepos=""20:1-20:129""><strong>Unrestricted Private Label Rights (PLR):</strong> Brand, edit, and resell the content as your own, maximizing your profit potential.</li>
 	<li data-sourcepos=""21:1-21:126""><strong>Cost-Effective Investment:</strong> Save time, money, and effort with a massive collection of pre-made, high-quality resources.</li>
 	<li data-sourcepos=""22:1-22:86""><strong>Evergreen Niche:</strong> Tap into the consistently profitable health and fitness market.</li>
 	<li data-sourcepos=""23:1-24:0""><strong>Versatile Usage:</strong> Create courses, workshops, blog posts, social media content, lead magnets, and more!</li>
</ul>
<p data-sourcepos=""25:1-25:56""><strong>The Mega Fitness Bundle is your ultimate toolkit to:</strong></p>

<ul data-sourcepos=""27:1-31:0"">
 	<li data-sourcepos=""27:1-27:54"">Transform your body and achieve your dream physique.</li>
 	<li data-sourcepos=""28:1-28:52"">Establish yourself as a trusted fitness authority.</li>
 	<li data-sourcepos=""29:1-29:45"">Build a profitable online fitness business.</li>
 	<li data-sourcepos=""30:1-31:0"">Educate and inspire a community of fitness enthusiasts.</li>
</ul>
<p data-sourcepos=""32:2-32:130""><strong>Don't miss out on this transformative opportunity. Get the Mega Fitness Bundle today and start building your fitness empire!</strong></p>","Are you passionate about fitness? Do you dream of building a thriving online fitness brand or coaching business? The Mega Fitness Bundle is your all-in-one solution to achieve both personal health goals and entrepreneurial ambitions.",publish,,0,"2024-03-17 01:35:46",1,open,,,,yes,yes,,4499,999,,,,,,,instock,no,no,,no,taxable,,,,,,'-1,'-1,,,"https://digitalstore.netbrux.com/wp-content/uploads/2024/03/18.png ! alt :  ! title : 18 ! desc :  ! caption : ",Download::https://digitalstore.netbrux.com/wp-content/uploads/woocommerce_uploads/2024/03/Mega-Fitness-Bundle-xaee0i.pdf,https://digitalstore.netbrux.com/product/mega-fitness-bundle/,0,simple,,Uncategorized,,
"3000 Google Bard Ai Prompts Pack",3000-google-bard-ai-prompts-pack,,1253,"<p data-sourcepos=""3:1-3:105""><strong>Conquer Google Bard AI and Elevate Your Content Creation with 3000 Expertly Crafted Prompts</strong></p>
<p data-sourcepos=""5:1-5:80""><strong>Problem: Unleash the Power of AI, But Struggling to Craft Effective Prompts?</strong></p>
<p data-sourcepos=""7:1-7:260"">Google Bard AI holds immense potential for transforming your content creation, but unlocking its full capabilities requires mastering the art of prompts. Generic or poorly written prompts lead to underwhelming results, wasting time and leaving you frustrated.</p>
<p data-sourcepos=""9:1-9:77""><strong>Solution: Introducing the Game-Changing 3000 Google Bard AI Prompts Pack</strong></p>
<p data-sourcepos=""11:1-11:266"">This meticulously curated collection of 3000 prompts is your key to unleashing the true power of Google Bard AI. Our team of experts has spent countless hours researching, refining, and testing these prompts to ensure they deliver the exceptional results you demand.</p>
<p data-sourcepos=""13:1-13:20""><strong>What You'll Get:</strong></p>

<ul data-sourcepos=""15:1-19:0"">
 	<li data-sourcepos=""15:1-15:197""><strong>3000 High-Impact Prompts:</strong> Covering a vast array of niches and sub-niches, this comprehensive pack empowers you to generate outstanding content, code, research, marketing materials, and more.</li>
 	<li data-sourcepos=""16:1-16:169""><strong>Unleash Your Creativity:</strong> Go beyond basic requests with these expertly designed prompts that spark Google Bard AI's ingenuity and deliver unique, engaging outputs.</li>
 	<li data-sourcepos=""17:1-17:176""><strong>Time-Saving Efficiency:</strong> Eliminate the frustration of crafting prompts from scratch. Our meticulously compiled pack puts you on the fast track to AI-powered productivity.</li>
 	<li data-sourcepos=""18:1-19:0""><strong>Versatile Applications:</strong> Whether you're a blogger, marketer, coder, or researcher, these prompts will streamline your workflows and supercharge your results.</li>
</ul>
<p data-sourcepos=""20:1-20:61""><strong>Why This is the Market Sensation You've Been Waiting For:</strong></p>

<ul data-sourcepos=""22:1-25:0"">
 	<li data-sourcepos=""22:1-22:206""><strong>Unique and Timely:</strong> With Google Bard AI still evolving, users are desperate for proven solutions. This pack fills that critical need, positioning you as a trailblazer in the AI content creation space.</li>
 	<li data-sourcepos=""23:1-23:193""><strong>Effortless Profit Potential:</strong> Demand for AI-powered content is surging. Tap into this lucrative market with a ready-made product that requires minimal investment and delivers high returns.</li>
 	<li data-sourcepos=""24:1-25:0""><strong>Evergreen Value:</strong> As Google Bard AI adoption grows, so does the value of your prompts pack. This is a future-proof investment that keeps paying dividends.</li>
</ul>
<p data-sourcepos=""26:1-26:82""><strong>Transform the Way You Use Google Bard AI. Order Your 3000 Prompts Pack Today!</strong></p>","Google Bard AI holds immense potential for transforming your content creation, but unlocking its full capabilities requires mastering the art of prompts. Generic or poorly written prompts lead to underwhelming results, wasting time and leaving you frustrated.",publish,,0,"2024-03-17 01:38:23",1,open,,,,yes,yes,,4499,799,,,,,,,instock,no,no,,no,taxable,,,,,,'-1,'-1,,,"https://digitalstore.netbrux.com/wp-content/uploads/2024/03/15.png ! alt :  ! title : 15 ! desc :  ! caption : ",Download::https://digitalstore.netbrux.com/wp-content/uploads/woocommerce_uploads/2024/03/3000-Google-Bard-Ai-Prompts-Pack-uqagge.pdf,https://digitalstore.netbrux.com/product/3000-google-bard-ai-prompts-pack/,0,simple,,"AI Chatbot|Ai Prompts",,
"TikTok Ad Training Kit",tiktok-ad-training-kit,,1255,"<p data-sourcepos=""3:1-3:90""><strong>TikTok Ad Mastery: Explode Your Brand Awareness, Engagement, and Profits</strong></p>
<p data-sourcepos=""7:1-7:198"">Are you ready to harness the explosive power of TikTok advertising and transform your business? Our comprehensive ""TikTok Ad Training Kit"" is your ultimate guide to success on this dynamic platform.</p>
<p data-sourcepos=""9:1-9:40""><strong>Unlock the Secrets of TikTok Success</strong></p>
<p data-sourcepos=""11:1-11:37"">This exclusive kit empowers you with:</p>

<ul data-sourcepos=""13:1-15:0"">
 	<li data-sourcepos=""13:1-13:210""><strong>10 Screen-Recorded HD Basic Training Videos:</strong> Dive into the fundamentals of TikTok advertising. Learn how to create captivating ads, target the right audience, and optimize your campaigns for maximum ROI.</li>
 	<li data-sourcepos=""14:1-15:0""><strong>30 Advanced Step-by-Step Training Videos:</strong> Unleash your full potential with these in-depth tutorials. Master advanced TikTok ad strategies, discover hidden tactics, and unlock the secrets to generating life-changing income.</li>
</ul>
<p data-sourcepos=""16:1-16:42""><strong>Why Choose Our TikTok Ad Training Kit?</strong></p>

<ul data-sourcepos=""18:1-22:0"">
 	<li data-sourcepos=""18:1-18:137""><strong>Accelerate Your Results:</strong> Tap into the massive and ever-growing TikTok market to skyrocket brand recognition, engagement, and sales.</li>
 	<li data-sourcepos=""19:1-19:173""><strong>Expert Guidance:</strong> Our in-depth videos provide proven techniques to make your business an overnight sensation, driving more traffic and boosting conversions by up to 5X.</li>
 	<li data-sourcepos=""20:1-20:132""><strong>Unleash Your Creativity:</strong> Discover how to craft eye-catching and shareable TikTok ads that resonate with your target audience.</li>
 	<li data-sourcepos=""21:1-22:0""><strong>Stay Ahead of the Curve:</strong> Get the latest insights and strategies for dominating the TikTok advertising landscape.</li>
</ul>
<p data-sourcepos=""23:1-23:72""><strong>With our TikTok Ad Training Kit, you'll have everything you need to:</strong></p>

<ul data-sourcepos=""25:1-30:0"">
 	<li data-sourcepos=""25:1-25:45"">Establish a strong brand presence on TikTok</li>
 	<li data-sourcepos=""26:1-26:39"">Reach millions of potential customers</li>
 	<li data-sourcepos=""27:1-27:29"">Generate high-quality leads</li>
 	<li data-sourcepos=""28:1-28:26"">Increase website traffic</li>
 	<li data-sourcepos=""29:1-30:0"">Boost your sales and profits</li>
</ul>
<p data-sourcepos=""31:1-31:161""><strong>Don't miss out on this incredible opportunity to revolutionize your marketing efforts. Order your TikTok Ad Training Kit today and watch your business soar!</strong></p>
<p data-sourcepos=""33:1-33:70""><strong>Let me know if you'd like any refinements or additional elements!</strong></p>","<p data-sourcepos=""3:1-3:90""><strong>TikTok Ad Mastery: Explode Your Brand Awareness, Engagement, and Profits</strong></p>
<p data-sourcepos=""7:1-7:198"">Are you ready to harness the explosive power of TikTok advertising and transform your business? Our comprehensive ""TikTok Ad Training Kit"" is your ultimate guide to success on this dynamic platform.</p>",publish,,0,"2024-03-17 01:41:50",1,open,,,,yes,yes,,4499,649,,,,,,,instock,no,no,,no,taxable,,,,,,'-1,'-1,,,"https://digitalstore.netbrux.com/wp-content/uploads/2024/03/16.png ! alt :  ! title : 16 ! desc :  ! caption : ",Download::https://digitalstore.netbrux.com/wp-content/uploads/woocommerce_uploads/2024/03/TikTok-Ad-Training-Kit-ornpi0.pdf,https://digitalstore.netbrux.com/product/tiktok-ad-training-kit/,0,simple,,Training,,
"3000 Ai Images with 10 Niches",3000-ai-images-with-10-niches,,1257,"<p data-sourcepos=""5:1-5:69""><strong>Unleash Your Creative Possibilities with 3000 Exquisite AI Images</strong></p>
<p data-sourcepos=""7:1-7:161"">Dive into a treasure trove of visual wonders! This unparalleled collection boasts 3000 meticulously crafted AI-generated images spanning 10 captivating niches.</p>

<ul data-sourcepos=""9:1-12:0"">
 	<li data-sourcepos=""9:1-9:95""><strong>Animals:</strong> Bring life to your projects with realistic and imaginative animal illustrations.</li>
 	<li data-sourcepos=""10:1-10:79""><strong>Year-End Festivities:</strong> Capture holiday magic with vibrant festive imagery.</li>
 	<li data-sourcepos=""11:1-12:0""><strong>And More!</strong> Explore diverse themes to ignite your creative fire.</li>
</ul>
<p data-sourcepos=""13:1-13:14""><strong>Ideal for:</strong></p>

<ul data-sourcepos=""15:1-19:0"">
 	<li data-sourcepos=""15:1-15:58""><strong>Web designers:</strong> Elevate your website's visual appeal.</li>
 	<li data-sourcepos=""16:1-16:73""><strong>Social media gurus:</strong> Spice up your posts with eye-catching graphics.</li>
 	<li data-sourcepos=""17:1-17:59""><strong>Marketers:</strong> Craft compelling campaigns that stand out.</li>
 	<li data-sourcepos=""18:1-19:0""><strong>Artists:</strong> Find inspiration and fuel your next masterpiece.</li>
</ul>
<p data-sourcepos=""20:1-20:93""><strong>This extraordinary image pack empowers you to express yourself with boundless creativity.</strong></p>
<p data-sourcepos=""22:1-22:52""><strong>Option 2: Focusing on Quality &amp; Versatility</strong></p>
<p data-sourcepos=""24:1-24:58""><strong>Elevate Your Projects with 3000 High-Quality AI Images</strong></p>
<p data-sourcepos=""26:1-26:148"">Experience the power of AI-generated artistry! This meticulously curated collection features 3000 stunning images crafted across 10 popular niches.</p>

<ul data-sourcepos=""28:1-31:0"">
 	<li data-sourcepos=""28:1-28:93""><strong>Animals:</strong> From majestic creatures to playful pets, find the perfect animal illustration.</li>
 	<li data-sourcepos=""29:1-29:97""><strong>Year-End Festivities:</strong> Embrace the magic of the season with festive and heartwarming images.</li>
 	<li data-sourcepos=""30:1-31:0""><strong>And More!</strong> Discover a wealth of diverse visuals to suit your every need.</li>
</ul>
<p data-sourcepos=""32:1-32:52""><strong>This versatile image collection is perfect for:</strong></p>

<ul data-sourcepos=""34:1-38:0"">
 	<li data-sourcepos=""34:1-34:36""><strong>Enhancing your online presence</strong></li>
 	<li data-sourcepos=""35:1-35:43""><strong>Creating engaging marketing materials</strong></li>
 	<li data-sourcepos=""36:1-36:44""><strong>Adding a unique touch to presentations</strong></li>
 	<li data-sourcepos=""37:1-38:0""><strong>And countless other creative endeavors!</strong></li>
</ul>
<p data-sourcepos=""39:1-39:71""><strong>Invest in a visual toolkit that will inspire and elevate your work.</strong></p>
<p data-sourcepos=""42:1-42:33""><strong>Option 3: Brief and Impactful</strong></p>
<p data-sourcepos=""44:1-44:70""><strong>Transform Your Visual Storytelling with 3000 Captivating AI Images</strong></p>
<p data-sourcepos=""46:1-46:162"">This extraordinary image collection puts the power of AI-generated visuals at your fingertips. Explore 3000 stunning images across 10 in-demand niches, including:</p>

<ul data-sourcepos=""48:1-51:0"">
 	<li data-sourcepos=""48:1-48:13""><strong>Animals</strong></li>
 	<li data-sourcepos=""49:1-49:26""><strong>Year-End Festivities</strong></li>
 	<li data-sourcepos=""50:1-51:0""><strong>And much more!</strong></li>
</ul>
<p data-sourcepos=""52:1-52:107""><strong>Unlock endless creative possibilities and bring your ideas to life with this must-have visual resource.</strong></p>","<p data-sourcepos=""5:1-5:69""><strong>Unleash Your Creative Possibilities with 3000 Exquisite AI Images</strong></p>
<p data-sourcepos=""7:1-7:161"">Dive into a treasure trove of visual wonders! This unparalleled collection boasts 3000 meticulously crafted AI-generated images spanning 10 captivating niches.</p>",publish,,0,"2024-03-17 01:59:06",1,open,,,,yes,yes,,2499,599,,,,,,,instock,no,no,,no,taxable,,,,,,'-1,'-1,,,"https://digitalstore.netbrux.com/wp-content/uploads/2024/03/17.png ! alt :  ! title : 17 ! desc :  ! caption : ",Download::https://digitalstore.netbrux.com/wp-content/uploads/woocommerce_uploads/2024/03/3000-Ai-Images-with-10-Niches-xjooh8.pdf,https://digitalstore.netbrux.com/product/3000-ai-images-with-10-niches/,0,simple,,Graphics,,
"WaDefender - WhatsApp Account Strongness Checker for bulk sending",wadefender-whatsapp-account-strongness-checker-for-bulk-sending,,1512,"<div class=""flex-1 overflow-hidden"">
<div class=""react-scroll-to-bottom--css-zuhjx-79elbk h-full"">
<div class=""react-scroll-to-bottom--css-zuhjx-1n7m0yu"">
<div class=""flex flex-col text-sm pb-9"">
<div class=""w-full text-token-text-primary"" data-testid=""conversation-turn-3"">
<div class=""px-4 py-2 justify-center text-base md:gap-6 m-auto"">
<div class=""flex flex-1 text-base mx-auto gap-3 md:px-5 lg:px-1 xl:px-5 md:max-w-3xl lg:max-w-[40rem] xl:max-w-[48rem] group final-completion"">
<div class=""relative flex w-full flex-col agent-turn"">
<div class=""flex-col gap-1 md:gap-3"">
<div class=""flex flex-grow flex-col max-w-full"">
<div class=""min-h-[20px] text-message flex flex-col items-start gap-3 whitespace-pre-wrap break-words [.text-message+&amp;]:mt-5 overflow-x-auto"" data-message-author-role=""assistant"" data-message-id=""8a8d9c60-ea59-4f8f-90da-966dbfa4c4ff"">
<div class=""markdown prose w-full break-words dark:prose-invert dark"">

Introducing WaDefender – Your Ultimate WhatsApp Account Strongness Checker for Bulk Sending

Are you tired of getting banned on WhatsApp while sending messages using bulk sender tools? Do you find yourself in the dark about why your account gets banned so often? Say goodbye to the frustration with WaDefender, a powerful Windows-based software designed to keep your WhatsApp accounts strong and your bulk messaging campaigns running smoothly.

<strong>Why WaDefender?</strong>

WaDefender is your solution to the constant struggle of maintaining a strong WhatsApp account while engaging in bulk messaging. With WaDefender, you can finally understand the parameters that affect the strength of your account and take proactive steps to keep it robust.

<strong>Features</strong>
<ol>
 	<li><strong>Account Strongness Checker</strong>: WaDefender meticulously evaluates the strength of your WhatsApp account by considering various parameters, such as account oldness and total number of chats. With this information at your fingertips, you can gauge the resilience of your account and adjust your messaging strategy accordingly.</li>
 	<li><strong>Unlimited Account Support</strong>: Whether you have one WhatsApp account or dozens, WaDefender has you covered. You can seamlessly log in and out of multiple accounts to assess their strength, allowing you to manage all your accounts with ease.</li>
 	<li><strong>Modern Material Design</strong>: Enjoy a sleek and intuitive user interface with WaDefender's latest Material UI design. Navigating through the software is a breeze, ensuring a seamless user experience.</li>
 	<li><strong>Comprehensive Reporting</strong>: Export all scraped data into Excel sheets for thorough analysis and record-keeping. WaDefender empowers you with detailed insights to optimize your messaging campaigns effectively.</li>
 	<li><strong>Extensive Documentation</strong>: Dive into detailed documents accompanied by images and video tutorials to maximize your understanding and utilization of WaDefender's capabilities.</li>
 	<li><strong>Runnable Files</strong>: Accessible and easy to deploy, WaDefender provides you with runnable files for hassle-free installation and setup.</li>
 	<li><strong>License Key Manager</strong>: Safeguarded with an activation process, WaDefender ensures the security of your software. You'll receive a KeyGen along with the app bundle for seamless activation.</li>
 	<li><strong>Free Lifetime Updates</strong>: As we continuously enhance WaDefender, you'll receive free lifetime updates to stay ahead of the curve. Benefit from ongoing improvements and new features without any additional cost.</li>
</ol>
Say goodbye to WhatsApp bans and hello to efficient bulk messaging with WaDefender. Take control of your messaging strategy and unlock the full potential of your WhatsApp accounts today.

</div>
</div>
</div>
</div>
</div>
</div>
</div>
</div>
</div>
</div>
</div>
</div>","Your Ultimate WhatsApp Account Strongness Checker for Bulk Sending

Are you tired of getting banned on WhatsApp while sending messages using bulk sender tools? Do you find yourself in the dark about why your account gets banned so often? Say goodbye to the frustration with WaDefender, a powerful Windows-based software designed to keep your WhatsApp accounts strong and your bulk messaging campaigns running smoothly.",publish,,0,"2024-03-26 02:28:24",1,open,,,,yes,yes,,2599,799,,,,,,,instock,no,no,,no,taxable,,,,,,'-1,'-1,,,"https://digitalstore.netbrux.com/wp-content/uploads/2024/03/10.png ! alt :  ! title : 10 ! desc :  ! caption : ",Download::https://digitalstore.netbrux.com/wp-content/uploads/woocommerce_uploads/2024/03/WaDefender-WhatsApp-Account-Strongness-Checker--mibad8.pdf,https://digitalstore.netbrux.com/product/wadefender-whatsapp-account-strongness-checker-for-bulk-sending/,0,simple,,Software,,
"8000+ Fitness Quotes Images",8000-fitness-quotes-images,,1515,"Transform your fitness journey with our exclusive collection of 8000+ Fitness Quotes Images. Elevate your motivation every step of the way with this comprehensive arsenal of inspirational quotes perfectly tailored to fuel your workouts and ignite your passion for fitness.

Whether you're hitting the gym, pounding the pavement, or finding your zen in yoga, our diverse range of images caters to every aspect of your fitness routine. From powerful mantras to humorous quips, our curated selection ensures there's a perfect quote for every mood and moment.

With high-resolution images optimized for clarity and vibrancy, these quotes are not only visually stunning but also serve as constant reminders of your dedication to health and wellness. Share them on social media to inspire your friends and followers, or keep them as personal motivation on your phone or desktop.

Why settle for ordinary when you can strive for greatness? Upgrade your fitness motivation game today with 8000+ Fitness Quotes Images and unleash the full potential of your journey towards a stronger, healthier you.","Transform your fitness journey with our exclusive collection of 8000+ Fitness Quotes Images. Elevate your motivation every step of the way with this comprehensive arsenal of inspirational quotes perfectly tailored to fuel your workouts and ignite your passion for fitness.",publish,,0,"2024-03-26 02:36:18",1,open,,,,yes,yes,,1499,299,,,,,,,instock,no,no,,no,taxable,,,,,,'-1,'-1,,,"https://digitalstore.netbrux.com/wp-content/uploads/2024/03/14.png ! alt :  ! title : 14 ! desc :  ! caption : ",Download::https://digitalstore.netbrux.com/wp-content/uploads/woocommerce_uploads/2024/03/8000-Fitness-Quotes-Images-vmn2qn.pdf,https://digitalstore.netbrux.com/product/8000-fitness-quotes-images/,0,simple,,"Quotes Images",,
"5000 Articles on Health and Fitness",5000-articles-on-health-and-fitness,,1518,"<strong>Unlock Your Wellness Potential: Explore 5000 Articles on Health and Fitness</strong>

Embark on a journey to discover optimal health and vitality with our comprehensive collection of 5000 articles on health and fitness. Whether you're a seasoned fitness enthusiast, a wellness novice, or a healthcare professional seeking the latest insights, our extensive library caters to all levels of interest and expertise.

Dive into a wealth of information covering diverse aspects of health and fitness, meticulously curated to empower you on your wellness quest. From nutrition and exercise science to mental well-being and preventive care, our articles offer a holistic approach to achieving and maintaining a balanced lifestyle.

Explore cutting-edge research, practical tips, and expert advice from renowned authorities in the field. Whether your goal is to build muscle, shed unwanted pounds, boost energy levels, or simply adopt healthier habits, our articles provide invaluable guidance to support your objectives.

Stay informed about the latest trends, debunk common myths, and access evidence-based strategies to optimize your health journey. With topics ranging from dietary trends and workout routines to stress management techniques and sleep hygiene, our collection equips you with the knowledge to make informed decisions and take control of your well-being.

Whether you're seeking inspiration for your fitness routine, guidance on nutrition, or insights into holistic wellness practices, our repository of 5000 articles is your trusted companion on the path to a healthier, happier you. Start exploring today and unlock the secrets to a life of vitality and fulfillment.","Embark on a journey to discover optimal health and vitality with our comprehensive collection of 5000 articles on health and fitness. Whether you're a seasoned fitness enthusiast, a wellness novice, or a healthcare professional seeking the latest insights, our extensive library caters to all levels of interest and expertise.",publish,,0,"2024-03-26 02:40:45",1,open,,,,yes,yes,,2499,399,,,,,,,instock,no,no,,no,taxable,,,,,,'-1,'-1,,,"https://digitalstore.netbrux.com/wp-content/uploads/2024/03/19.png ! alt :  ! title : 19 ! desc :  ! caption : ",Download::https://digitalstore.netbrux.com/wp-content/uploads/woocommerce_uploads/2024/03/5000-Articles-on-Health-and-Fitness-2axfrq.pdf,https://digitalstore.netbrux.com/product/5000-articles-on-health-and-fitness/,0,simple,,Article,,
"999+ Ultimate ChatGPT Prompts for Customer Support",999-ultimate-chatgpt-prompts-for-customer-support,,1521,"Introducing the ultimate solution to streamline your customer support interactions: 999+ Ultimate ChatGPT Prompts for Customer Support. Crafted with precision and designed to empower your team, this comprehensive collection of prompts is your go-to resource for handling diverse customer queries efficiently and effectively.

With over 999 meticulously curated prompts covering a wide range of topics, from troubleshooting technical issues to addressing billing inquiries, this product is tailored to meet the demands of modern customer service. Say goodbye to tedious brainstorming sessions and hello to instant access to expertly crafted responses.

Key features include:
<ol>
 	<li><strong>Diverse Topics</strong>: From product inquiries to service complaints, our prompts cover every aspect of customer support, ensuring that your team is well-equipped to handle any situation that arises.</li>
 	<li><strong>Customizable Templates</strong>: Easily tailor each prompt to fit your brand's tone and voice, ensuring a seamless customer experience across all touchpoints.</li>
 	<li><strong>Time-Saving Efficiency</strong>: Say goodbye to long response times. Our prompts enable your team to respond swiftly without sacrificing quality, improving customer satisfaction and loyalty.</li>
 	<li><strong>Continuous Updates</strong>: In a constantly evolving landscape, stay ahead of the curve with regular updates and additions to our prompt library, keeping your team equipped with the latest solutions.</li>
 	<li><strong>Comprehensive Support</strong>: Whether you're a small startup or a large enterprise, our prompts are designed to scale with your business, providing reliable support at every stage of growth.</li>
</ol>
Transform your customer support operations and elevate your customer experience with 999+ Ultimate ChatGPT Prompts for Customer Support. Say hello to faster response times, happier customers, and a more efficient support team.","With over 999 meticulously curated prompts covering a wide range of topics, from troubleshooting technical issues to addressing billing inquiries, this product is tailored to meet the demands of modern customer service. Say goodbye to tedious brainstorming sessions and hello to instant access to expertly crafted responses.",publish,,0,"2024-03-26 02:44:34",1,open,,,,yes,yes,,1499,299,,,,,,,instock,no,no,,no,taxable,,,,,,'-1,'-1,,,"https://digitalstore.netbrux.com/wp-content/uploads/2024/03/20.png ! alt :  ! title : 20 ! desc :  ! caption : ",Download::https://digitalstore.netbrux.com/wp-content/uploads/woocommerce_uploads/2024/03/999-Ultimate-ChatGPT-Prompts-for-Customer-Support-icw59i.pdf,https://digitalstore.netbrux.com/product/999-ultimate-chatgpt-prompts-for-customer-support/,0,simple,,"AI Chatbot|Ai Prompts|Chat GPT",,
"1000+ High Quality Quote Images",1000-high-quality-quote-images,,1524,"Introducing our ultimate collection of 1000+ High Quality Quote Images designed to make your social media presence shine! Elevate your content game with this comprehensive bundle of viral-worthy quotes, meticulously curated to inspire, motivate, and engage your audience like never before.

Crafted with precision and attention to detail, each image exudes professionalism and aesthetic appeal, ensuring that your posts stand out in the crowded social media landscape. Whether you're a seasoned influencer, a budding entrepreneur, or a brand looking to connect with your audience on a deeper level, these images are your ticket to social media success.

What sets our collection apart is not just the sheer quantity, but the exceptional quality of every image. From stunning typography to captivating backgrounds, each quote is presented in a visually striking format that demands attention and encourages sharing. With topics ranging from love and life to success and happiness, there's something for every occasion and every mood.

But it's not just about the visuals – our quotes are carefully selected to resonate with diverse audiences, sparking conversations and fostering meaningful connections. Whether you're aiming for likes, shares, or comments, these images are guaranteed to drive engagement and boost your online presence.

Say goodbye to hours spent searching for the perfect quote and hello to effortless social media success. With our 1000+ High Quality Quote Images, you'll have everything you need to captivate your audience, build your brand, and make a lasting impact in the digital world. Get ready to watch your social media presence soar to new heights!","1000+ High Quality Quote Images designed to make your social media presence shine! Elevate your content game with this comprehensive bundle of viral-worthy quotes, meticulously curated to inspire, motivate, and engage your audience like never before.",publish,,0,"2024-03-26 02:48:29",1,open,,,,yes,yes,,999,199,,,,,,,instock,no,no,,no,taxable,,,,,,'-1,'-1,,,"https://digitalstore.netbrux.com/wp-content/uploads/2024/03/21.png ! alt :  ! title : 21 ! desc :  ! caption : ",Download::https://digitalstore.netbrux.com/wp-content/uploads/woocommerce_uploads/2024/03/1000-High-Quality-Quote-Images-shkuzw.pdf,https://digitalstore.netbrux.com/product/1000-high-quality-quote-images/,0,simple,,"Quotes Images",,
"1,500 Quotes Images on fitness and Yoga",1500-quotes-images-on-fitness-and-yoga,,1527,"Ignite your social media presence with our dynamic collection of 1,500 Quotes Images on Fitness and Yoga!

Transform your feed into a hub of inspiration and motivation with our carefully curated selection of quotes, tailored specifically for fitness enthusiasts and yoga practitioners alike. Whether you're a seasoned yogi, a gym buff, or someone just beginning their wellness journey, our images are designed to resonate with every step of your path to health and vitality.

Each image is meticulously crafted to catch the eye and captivate the mind, ensuring maximum impact on your audience. From powerful affirmations to gentle reminders, our quotes cover a wide spectrum of topics including determination, mindfulness, self-love, and the transformative power of exercise.

But we don't stop there. Our collection is engineered for virality, crafted to spark engagement and shares across all social media platforms. With vibrant colors, sleek designs, and impactful typography, these images are tailor-made to stand out in the crowded digital landscape, driving likes, comments, and reposts to amplify your online presence.

So whether you're looking to inspire your followers, boost engagement, or simply infuse your feed with positivity, our 1,500 Quotes Images on Fitness and Yoga are the ultimate tool to elevate your social media game. Get ready to inspire, motivate, and go viral!","Transform your feed into a hub of inspiration and motivation with our carefully curated selection of quotes, tailored specifically for fitness enthusiasts and yoga practitioners alike. Whether you're a seasoned yogi, a gym buff, or someone just beginning their wellness journey, our images are designed to resonate with every step of your path to health and vitality.",publish,,0,"2024-03-26 02:52:38",1,open,,,,yes,yes,,1499,299,,,,,,,instock,no,no,,no,taxable,,,,,,'-1,'-1,,,"https://digitalstore.netbrux.com/wp-content/uploads/2024/03/22.png ! alt :  ! title : 22 ! desc :  ! caption : ",Download::https://digitalstore.netbrux.com/wp-content/uploads/woocommerce_uploads/2024/03/1500-Quotes-Images-on-fitness-and-Yoga-kk2lch.pdf,https://digitalstore.netbrux.com/product/1500-quotes-images-on-fitness-and-yoga/,0,simple,,"Quotes Images",,
"10,000 Articles on Health and Fitness",10000-articles-on-health-and-fitness,,1530,"<strong>Unlock the Ultimate Wellness Library: 10,000 Articles on Health and Fitness</strong>

Dive into a treasure trove of knowledge with our comprehensive collection of 10,000 articles on health and fitness. Whether you're a seasoned fitness enthusiast, a health professional, or someone just embarking on their wellness journey, this expansive library is your go-to resource for all things related to living a healthier, more vibrant life.

Explore a wide range of topics meticulously curated by experts in the field, covering everything from nutrition and exercise to mental health and holistic wellness practices. Each article is crafted with care, offering valuable insights, practical tips, and evidence-based information to empower you to make informed decisions about your well-being.

Delve into the latest trends in fitness routines, discover delicious and nutritious recipes to fuel your body, and learn about the importance of mindfulness and self-care in achieving overall wellness. Whether you're interested in weight management, stress reduction, disease prevention, or simply improving your quality of life, our collection has something for everyone.

With 10,000 articles at your fingertips, you'll never run out of inspiration or motivation on your journey to a healthier, happier you. Take the first step towards a lifestyle of vitality and vitality with our comprehensive library of health and fitness knowledge.","<strong>Unlock the Ultimate Wellness Library: 10,000 Articles on Health and Fitness</strong>

Dive into a treasure trove of knowledge with our comprehensive collection of 10,000 articles on health and fitness. Whether you're a seasoned fitness enthusiast, a health professional, or someone just embarking on their wellness journey, this expansive library is your go-to resource for all things related to living a healthier, more vibrant life.",publish,,0,"2024-03-26 02:56:09",1,open,,,,yes,yes,,1299,299,,,,,,,instock,no,no,,no,taxable,,,,,,'-1,'-1,,,"https://digitalstore.netbrux.com/wp-content/uploads/2024/03/23.png ! alt :  ! title : 23 ! desc :  ! caption : ",Download::https://digitalstore.netbrux.com/wp-content/uploads/woocommerce_uploads/2024/03/10000-Articles-on-Health-and-Fitness-5qfqxu.pdf,https://digitalstore.netbrux.com/product/10000-articles-on-health-and-fitness/,0,simple,,Article,,
"350 Fitness Vertical Videos",350-fitness-vertical-videos,,1533,"Revitalize your social media presence with our dynamic collection of 350 Fitness Vertical Videos! Perfectly crafted for today's popular shorts and reels formats, these videos are designed to elevate your content game and engage your audience like never before.

Whether you're a fitness influencer, a health-conscious brand, or just someone passionate about sharing wellness tips, our library has you covered. From heart-pumping workout routines to calming yoga flows, each video is expertly curated to inspire, motivate, and educate your followers.

With our diverse range of content, you'll always find the perfect video to match your vibe and message. Showcase intense HIIT sessions, demonstrate proper form for strength training exercises, or lead your viewers through mindful stretching sessions – the possibilities are endless.

What sets our collection apart is its vertical format, optimized specifically for social media platforms like Instagram, TikTok, and Snapchat. Say goodbye to awkward cropping and hello to seamless, eye-catching content that grabs attention and keeps viewers engaged from start to finish.

Don't miss out on the opportunity to stand out in the crowded fitness landscape. Elevate your social media game with 350 Fitness Vertical Videos today!","Whether you're a fitness influencer, a health-conscious brand, or just someone passionate about sharing wellness tips, our library has you covered. From heart-pumping workout routines to calming yoga flows, each video is expertly curated to inspire, motivate, and educate your followers.",publish,,0,"2024-03-26 03:01:17",1,open,,,,yes,yes,,1499,599,,,,,,,instock,no,no,,no,taxable,,,,,,'-1,'-1,,,"https://digitalstore.netbrux.com/wp-content/uploads/2024/03/24.png ! alt :  ! title : 24 ! desc :  ! caption : ",Download::https://digitalstore.netbrux.com/wp-content/uploads/woocommerce_uploads/2024/03/350-Fitness-Vertical-Videos-rvdect.pdf,https://digitalstore.netbrux.com/product/350-fitness-vertical-videos/,0,simple,,"Short Videos",,
"ChatGPT Masterclass",chatgpt-masterclass,,1536,"<strong>Unlock the Power of Language with the ChatGPT Masterclass!</strong>

Dive into the realm of conversational AI and linguistic mastery with our comprehensive ChatGPT Masterclass. Whether you're a seasoned developer, an aspiring AI enthusiast, or a curious mind eager to explore the forefront of language technology, this course is your gateway to unleashing the full potential of ChatGPT.

What You'll Learn:
<ul>
 	<li><strong>Fundamentals of ChatGPT:</strong> Understand the underlying principles and architecture of ChatGPT, from its inception to its latest advancements.</li>
 	<li><strong>Hands-On Implementation:</strong> Get your hands dirty with practical coding exercises and projects designed to deepen your understanding and skills.</li>
 	<li><strong>Advanced Techniques:</strong> Explore advanced techniques for fine-tuning, customization, and integration of ChatGPT into various applications.</li>
</ul>
Why Choose ChatGPT Masterclass:
<ul>
 	<li><strong>Expert Guidance:</strong> Learn from industry experts and seasoned AI practitioners with years of experience in the field.</li>
 	<li><strong>Practical Approach:</strong> Gain hands-on experience through interactive sessions, coding challenges, and real-world case studies.</li>
 	<li><strong>Flexible Learning:</strong> Access the course content at your own pace, with on-demand video lessons and comprehensive resources.</li>
</ul>
Whether you're looking to boost your career prospects, embark on a new AI-driven venture, or simply satisfy your curiosity about the future of language technology, the ChatGPT Masterclass is your definitive guide to mastering the art of conversation with AI. Enroll now and embark on a journey towards linguistic excellence!""","Dive into the realm of conversational AI and linguistic mastery with our comprehensive ChatGPT Masterclass. Whether you're a seasoned developer, an aspiring AI enthusiast, or a curious mind eager to explore the forefront of language technology, this course is your gateway to unleashing the full potential of ChatGPT.",publish,,0,"2024-03-26 03:04:21",1,open,,,,yes,yes,,4499,599,,,,,,,instock,no,no,,no,taxable,,,,,,'-1,'-1,,,"https://digitalstore.netbrux.com/wp-content/uploads/2024/03/25.png ! alt :  ! title : 25 ! desc :  ! caption : ",ChatGPT-Masterclass-z82n4w.pdf::https://digitalstore.netbrux.com/wp-content/uploads/woocommerce_uploads/2024/03/ChatGPT-Masterclass-z82n4w.pdf,https://digitalstore.netbrux.com/product/chatgpt-masterclass/,0,simple,,"Chat GPT|Training",,
